timeStamp,correlationId,errors,Error Message
2023-07-24T10:33:14.439237Z,0e0899c1-e164-4dbe-a8f1-75aa76de7e62,"[{'code': 'DS005', 'message': 'Empty Data found in request'}]","{""timeStamp"":""2023-07-24T10:33:14.439237Z"",""correlationId"":""0e0899c1-e164-4dbe-a8f1-75aa76de7e62"",""errors"":[{""code"":""DS005"",""message"":""Empty Data found in request""}]}"
timeStamp,correlationId,errors,Error Message
2023-07-24T10:33:16.198629Z,bec24687-e41f-4831-88bc-f424b0d591b6,"[{'code': 'DS005', 'message': 'Empty Data found in request'}]","{""timeStamp"":""2023-07-24T10:33:16.198629Z"",""correlationId"":""bec24687-e41f-4831-88bc-f424b0d591b6"",""errors"":[{""code"":""DS005"",""message"":""Empty Data found in request""}]}"
timeStamp,correlationId,errors,Error Message
2023-07-24T10:33:17.454284Z,35f6415f-46b0-41de-8d8f-1026ec3547e0,"[{'code': 'DS005', 'message': 'Empty Data found in request'}]","{""timeStamp"":""2023-07-24T10:33:17.454284Z"",""correlationId"":""35f6415f-46b0-41de-8d8f-1026ec3547e0"",""errors"":[{""code"":""DS005"",""message"":""Empty Data found in request""}]}"
timeStamp,correlationId,errors,Error Message
2023-07-24T10:33:18.702712Z,01461ba0-0a68-4e67-919f-8f9ac67d4653,"[{'code': 'DS005', 'message': 'Empty Data found in request'}]","{""timeStamp"":""2023-07-24T10:33:18.702712Z"",""correlationId"":""01461ba0-0a68-4e67-919f-8f9ac67d4653"",""errors"":[{""code"":""DS005"",""message"":""Empty Data found in request""}]}"
timeStamp,correlationId,errors,Error Message
2023-07-24T10:33:20.020569Z,5468a593-c5dc-4537-96e8-e3506ccae5a5,"[{'code': 'DS005', 'message': 'Empty Data found in request'}]","{""timeStamp"":""2023-07-24T10:33:20.020569Z"",""correlationId"":""5468a593-c5dc-4537-96e8-e3506ccae5a5"",""errors"":[{""code"":""DS005"",""message"":""Empty Data found in request""}]}"
timeStamp,correlationId,errors,Error Message
2023-07-24T10:33:22.091670Z,869e2a2c-0eb0-4fa2-abd1-bfbcff639e02,"[{'code': 'DS005', 'message': 'Empty Data found in request'}]","{""timeStamp"":""2023-07-24T10:33:22.091670Z"",""correlationId"":""869e2a2c-0eb0-4fa2-abd1-bfbcff639e02"",""errors"":[{""code"":""DS005"",""message"":""Empty Data found in request""}]}"
timeStamp,correlationId,errors,Error Message
2023-07-24T10:33:23.741913Z,c7850231-aba1-4c8b-8410-145fa101655c,"[{'code': 'DS005', 'message': 'Empty Data found in request'}]","{""timeStamp"":""2023-07-24T10:33:23.741913Z"",""correlationId"":""c7850231-aba1-4c8b-8410-145fa101655c"",""errors"":[{""code"":""DS005"",""message"":""Empty Data found in request""}]}"
timeStamp,correlationId,errors,Error Message
2023-07-24T10:33:26.582610Z,ff825260-b5d9-488b-aa9c-88884953f958,"[{'code': 'DS005', 'message': 'Empty Data found in request'}]","{""timeStamp"":""2023-07-24T10:33:26.582610Z"",""correlationId"":""ff825260-b5d9-488b-aa9c-88884953f958"",""errors"":[{""code"":""DS005"",""message"":""Empty Data found in request""}]}"
timeStamp,correlationId,errors,Error Message
2023-07-24T10:33:28.402634Z,8d8901b0-11fe-4a4f-95e5-cb305aff12fd,"[{'code': 'DS005', 'message': 'Empty Data found in request'}]","{""timeStamp"":""2023-07-24T10:33:28.402634Z"",""correlationId"":""8d8901b0-11fe-4a4f-95e5-cb305aff12fd"",""errors"":[{""code"":""DS005"",""message"":""Empty Data found in request""}]}"
timeStamp,correlationId,errors,Error Message
2023-07-24T10:33:29.845932Z,3fc84dfd-7c80-45b8-b9aa-c8d5e54fa850,"[{'code': 'DS005', 'message': 'Empty Data found in request'}]","{""timeStamp"":""2023-07-24T10:33:29.845932Z"",""correlationId"":""3fc84dfd-7c80-45b8-b9aa-c8d5e54fa850"",""errors"":[{""code"":""DS005"",""message"":""Empty Data found in request""}]}"
timeStamp,correlationId,errors,Error Message
2023-07-24T10:33:31.687277Z,45d1e896-05d2-418e-8a66-eebd5c5ffc75,"[{'code': 'DS005', 'message': 'Empty Data found in request'}]","{""timeStamp"":""2023-07-24T10:33:31.687277Z"",""correlationId"":""45d1e896-05d2-418e-8a66-eebd5c5ffc75"",""errors"":[{""code"":""DS005"",""message"":""Empty Data found in request""}]}"
timeStamp,correlationId,errors,Error Message
2023-07-24T10:33:33.177574Z,d4fd95d2-a0f0-4da7-a0a2-edc2b62079d8,"[{'code': 'DS005', 'message': 'Empty Data found in request'}]","{""timeStamp"":""2023-07-24T10:33:33.177574Z"",""correlationId"":""d4fd95d2-a0f0-4da7-a0a2-edc2b62079d8"",""errors"":[{""code"":""DS005"",""message"":""Empty Data found in request""}]}"
timeStamp,correlationId,errors,Error Message
2023-07-24T10:33:34.642310Z,f25e43b4-fb28-4975-aa22-dc95a77e2d7c,"[{'code': 'DS005', 'message': 'Empty Data found in request'}]","{""timeStamp"":""2023-07-24T10:33:34.642310Z"",""correlationId"":""f25e43b4-fb28-4975-aa22-dc95a77e2d7c"",""errors"":[{""code"":""DS005"",""message"":""Empty Data found in request""}]}"
timeStamp,correlationId,errors,Error Message
2023-07-24T10:33:36.393047Z,ad22ad92-3c58-4dc8-a77d-900bcfcd7ab8,"[{'code': 'DS005', 'message': 'Empty Data found in request'}]","{""timeStamp"":""2023-07-24T10:33:36.393047Z"",""correlationId"":""ad22ad92-3c58-4dc8-a77d-900bcfcd7ab8"",""errors"":[{""code"":""DS005"",""message"":""Empty Data found in request""}]}"
timeStamp,correlationId,errors,Error Message
2023-07-24T10:33:37.987666Z,2429afde-61d3-4e74-97d8-241ed2049fdd,"[{'code': 'DS005', 'message': 'Empty Data found in request'}]","{""timeStamp"":""2023-07-24T10:33:37.987666Z"",""correlationId"":""2429afde-61d3-4e74-97d8-241ed2049fdd"",""errors"":[{""code"":""DS005"",""message"":""Empty Data found in request""}]}"
timeStamp,correlationId,errors,Error Message
2023-07-24T10:33:39.304328Z,eb526877-b09f-4fa5-9ccd-08c61dd654a9,"[{'code': 'DS005', 'message': 'Empty Data found in request'}]","{""timeStamp"":""2023-07-24T10:33:39.304328Z"",""correlationId"":""eb526877-b09f-4fa5-9ccd-08c61dd654a9"",""errors"":[{""code"":""DS005"",""message"":""Empty Data found in request""}]}"
timeStamp,correlationId,errors,Error Message
2023-07-24T10:33:41.003737Z,d27f94be-243c-44cd-bf96-2d7f6baef8d7,"[{'code': 'DS005', 'message': 'Empty Data found in request'}]","{""timeStamp"":""2023-07-24T10:33:41.003737Z"",""correlationId"":""d27f94be-243c-44cd-bf96-2d7f6baef8d7"",""errors"":[{""code"":""DS005"",""message"":""Empty Data found in request""}]}"
timeStamp,correlationId,errors,Error Message
2023-07-24T10:33:43.403177Z,b7be9f48-f47b-486d-9c61-cbe5eff7ece6,"[{'code': 'DS005', 'message': 'Empty Data found in request'}]","{""timeStamp"":""2023-07-24T10:33:43.403177Z"",""correlationId"":""b7be9f48-f47b-486d-9c61-cbe5eff7ece6"",""errors"":[{""code"":""DS005"",""message"":""Empty Data found in request""}]}"
timeStamp,correlationId,errors,Error Message
2023-07-24T10:33:45.161913Z,b814153d-365b-49b2-b9f5-27ebd18c447d,"[{'code': 'DS005', 'message': 'Empty Data found in request'}]","{""timeStamp"":""2023-07-24T10:33:45.161913Z"",""correlationId"":""b814153d-365b-49b2-b9f5-27ebd18c447d"",""errors"":[{""code"":""DS005"",""message"":""Empty Data found in request""}]}"
timeStamp,correlationId,errors,Error Message
2023-07-24T10:33:47.716755Z,a4d547d1-41cc-4f1c-a67d-18009d1100d2,"[{'code': 'DS005', 'message': 'Empty Data found in request'}]","{""timeStamp"":""2023-07-24T10:33:47.716755Z"",""correlationId"":""a4d547d1-41cc-4f1c-a67d-18009d1100d2"",""errors"":[{""code"":""DS005"",""message"":""Empty Data found in request""}]}"
timeStamp,correlationId,errors,Error Message
2023-07-24T10:33:49.326226Z,adbded4c-9fc6-4cdf-a811-976421a8714b,"[{'code': 'DS005', 'message': 'Empty Data found in request'}]","{""timeStamp"":""2023-07-24T10:33:49.326226Z"",""correlationId"":""adbded4c-9fc6-4cdf-a811-976421a8714b"",""errors"":[{""code"":""DS005"",""message"":""Empty Data found in request""}]}"
timeStamp,correlationId,errors,Error Message
2023-07-24T10:33:50.859169Z,da756a1c-d2c2-49cb-bdd1-b51ed930f9ad,"[{'code': 'DS005', 'message': 'Empty Data found in request'}]","{""timeStamp"":""2023-07-24T10:33:50.859169Z"",""correlationId"":""da756a1c-d2c2-49cb-bdd1-b51ed930f9ad"",""errors"":[{""code"":""DS005"",""message"":""Empty Data found in request""}]}"
timeStamp,correlationId,errors,Error Message
2023-07-24T10:33:52.483604Z,730a4db2-a75b-4b77-ac82-771f0f1bfee0,"[{'code': 'DS005', 'message': 'Empty Data found in request'}]","{""timeStamp"":""2023-07-24T10:33:52.483604Z"",""correlationId"":""730a4db2-a75b-4b77-ac82-771f0f1bfee0"",""errors"":[{""code"":""DS005"",""message"":""Empty Data found in request""}]}"
timeStamp,correlationId,errors,Error Message
2023-07-24T10:33:54.404081Z,c6ad0bdb-8675-4f4f-9676-98289e56e8dd,"[{'code': 'DS005', 'message': 'Empty Data found in request'}]","{""timeStamp"":""2023-07-24T10:33:54.404081Z"",""correlationId"":""c6ad0bdb-8675-4f4f-9676-98289e56e8dd"",""errors"":[{""code"":""DS005"",""message"":""Empty Data found in request""}]}"
timeStamp,correlationId,errors,Error Message
2023-07-24T10:33:56.261566Z,68f437fd-3a7e-46df-9402-5a10bcc9bc46,"[{'code': 'DS005', 'message': 'Empty Data found in request'}]","{""timeStamp"":""2023-07-24T10:33:56.261566Z"",""correlationId"":""68f437fd-3a7e-46df-9402-5a10bcc9bc46"",""errors"":[{""code"":""DS005"",""message"":""Empty Data found in request""}]}"
timeStamp,correlationId,errors,Error Message
2023-07-24T10:33:58.097305Z,286efe1b-6de1-4ccc-80f8-b617ed06c69d,"[{'code': 'DS005', 'message': 'Empty Data found in request'}]","{""timeStamp"":""2023-07-24T10:33:58.097305Z"",""correlationId"":""286efe1b-6de1-4ccc-80f8-b617ed06c69d"",""errors"":[{""code"":""DS005"",""message"":""Empty Data found in request""}]}"
timeStamp,correlationId,errors,Error Message
2023-07-24T10:33:59.686437Z,f8a18848-c7b0-4120-b79d-6e307cfdb931,"[{'code': 'DS005', 'message': 'Empty Data found in request'}]","{""timeStamp"":""2023-07-24T10:33:59.686437Z"",""correlationId"":""f8a18848-c7b0-4120-b79d-6e307cfdb931"",""errors"":[{""code"":""DS005"",""message"":""Empty Data found in request""}]}"
timeStamp,correlationId,errors,Error Message
2023-07-24T10:34:01.784052Z,dba10eb7-f9a8-47df-ac63-eb3a079ef60d,"[{'code': 'DS005', 'message': 'Empty Data found in request'}]","{""timeStamp"":""2023-07-24T10:34:01.784052Z"",""correlationId"":""dba10eb7-f9a8-47df-ac63-eb3a079ef60d"",""errors"":[{""code"":""DS005"",""message"":""Empty Data found in request""}]}"
timeStamp,correlationId,errors,Error Message
2023-07-24T10:34:03.416951Z,80cac7dd-57ea-49f7-96dc-33dd930eeabe,"[{'code': 'DS005', 'message': 'Empty Data found in request'}]","{""timeStamp"":""2023-07-24T10:34:03.416951Z"",""correlationId"":""80cac7dd-57ea-49f7-96dc-33dd930eeabe"",""errors"":[{""code"":""DS005"",""message"":""Empty Data found in request""}]}"
timeStamp,correlationId,errors,Error Message
2023-07-24T10:34:05.519022Z,9024bdfa-7069-477b-a9e9-8c6b7c79fea2,"[{'code': 'DS005', 'message': 'Empty Data found in request'}]","{""timeStamp"":""2023-07-24T10:34:05.519022Z"",""correlationId"":""9024bdfa-7069-477b-a9e9-8c6b7c79fea2"",""errors"":[{""code"":""DS005"",""message"":""Empty Data found in request""}]}"
timeStamp,correlationId,errors,Error Message
2023-07-24T10:34:07.161806Z,7643bf65-9493-43da-8ad6-53317eaf5e37,"[{'code': 'DS005', 'message': 'Empty Data found in request'}]","{""timeStamp"":""2023-07-24T10:34:07.161806Z"",""correlationId"":""7643bf65-9493-43da-8ad6-53317eaf5e37"",""errors"":[{""code"":""DS005"",""message"":""Empty Data found in request""}]}"
timeStamp,correlationId,errors,Error Message
2023-07-24T10:34:08.721562Z,4ddefa25-6c03-4c3e-a76b-d0f6069acde6,"[{'code': 'DS005', 'message': 'Empty Data found in request'}]","{""timeStamp"":""2023-07-24T10:34:08.721562Z"",""correlationId"":""4ddefa25-6c03-4c3e-a76b-d0f6069acde6"",""errors"":[{""code"":""DS005"",""message"":""Empty Data found in request""}]}"
timeStamp,correlationId,errors,Error Message
2023-07-24T10:34:10.283883Z,bf6cf7b8-c0c6-4f3c-8ab5-7d25cdf261c7,"[{'code': 'DS005', 'message': 'Empty Data found in request'}]","{""timeStamp"":""2023-07-24T10:34:10.283883Z"",""correlationId"":""bf6cf7b8-c0c6-4f3c-8ab5-7d25cdf261c7"",""errors"":[{""code"":""DS005"",""message"":""Empty Data found in request""}]}"
timeStamp,correlationId,errors,Error Message
2023-07-24T10:34:11.647067Z,00a020de-d1df-401e-a55c-8a8f0da65b5d,"[{'code': 'DS005', 'message': 'Empty Data found in request'}]","{""timeStamp"":""2023-07-24T10:34:11.647067Z"",""correlationId"":""00a020de-d1df-401e-a55c-8a8f0da65b5d"",""errors"":[{""code"":""DS005"",""message"":""Empty Data found in request""}]}"
timeStamp,correlationId,errors,Error Message
2023-07-24T10:34:13.277361Z,d1c84cd2-553e-453f-8a67-18d68e5193a0,"[{'code': 'DS005', 'message': 'Empty Data found in request'}]","{""timeStamp"":""2023-07-24T10:34:13.277361Z"",""correlationId"":""d1c84cd2-553e-453f-8a67-18d68e5193a0"",""errors"":[{""code"":""DS005"",""message"":""Empty Data found in request""}]}"
timeStamp,correlationId,errors,Error Message
2023-07-24T10:34:15.318451Z,da584f79-fb41-403e-9d76-ab2bc36a3ca7,"[{'code': 'DS005', 'message': 'Empty Data found in request'}]","{""timeStamp"":""2023-07-24T10:34:15.318451Z"",""correlationId"":""da584f79-fb41-403e-9d76-ab2bc36a3ca7"",""errors"":[{""code"":""DS005"",""message"":""Empty Data found in request""}]}"
timeStamp,correlationId,errors,Error Message
2023-07-24T10:34:16.744674Z,cf07209f-6cb5-4cfb-aa4e-5759266de0ba,"[{'code': 'DS005', 'message': 'Empty Data found in request'}]","{""timeStamp"":""2023-07-24T10:34:16.744674Z"",""correlationId"":""cf07209f-6cb5-4cfb-aa4e-5759266de0ba"",""errors"":[{""code"":""DS005"",""message"":""Empty Data found in request""}]}"
timeStamp,correlationId,errors,Error Message
2023-07-24T10:34:18.594363Z,a0f28d0e-3336-4aa4-87fd-b0d981e3cfd7,"[{'code': 'DS005', 'message': 'Empty Data found in request'}]","{""timeStamp"":""2023-07-24T10:34:18.594363Z"",""correlationId"":""a0f28d0e-3336-4aa4-87fd-b0d981e3cfd7"",""errors"":[{""code"":""DS005"",""message"":""Empty Data found in request""}]}"
timeStamp,correlationId,errors,Error Message
2023-07-24T10:34:22.241931Z,c262f68c-0c9e-4fe3-9cb1-7785d05a9484,"[{'code': 'DS005', 'message': 'Empty Data found in request'}]","{""timeStamp"":""2023-07-24T10:34:22.241931Z"",""correlationId"":""c262f68c-0c9e-4fe3-9cb1-7785d05a9484"",""errors"":[{""code"":""DS005"",""message"":""Empty Data found in request""}]}"
timeStamp,correlationId,errors,Error Message
2023-07-24T10:34:23.561419Z,66fc12c5-e233-4279-8aef-7101be209c00,"[{'code': 'DS005', 'message': 'Empty Data found in request'}]","{""timeStamp"":""2023-07-24T10:34:23.561419Z"",""correlationId"":""66fc12c5-e233-4279-8aef-7101be209c00"",""errors"":[{""code"":""DS005"",""message"":""Empty Data found in request""}]}"
timeStamp,correlationId,errors,Error Message
2023-07-24T10:34:26.682698Z,bcc62302-9f26-4387-9fc6-b833a925f8e4,"[{'code': 'DS005', 'message': 'Empty Data found in request'}]","{""timeStamp"":""2023-07-24T10:34:26.682698Z"",""correlationId"":""bcc62302-9f26-4387-9fc6-b833a925f8e4"",""errors"":[{""code"":""DS005"",""message"":""Empty Data found in request""}]}"
timeStamp,correlationId,errors,Error Message
2023-07-24T10:34:28.297715Z,baa445ee-4226-4844-be4c-913136724bbd,"[{'code': 'DS005', 'message': 'Empty Data found in request'}]","{""timeStamp"":""2023-07-24T10:34:28.297715Z"",""correlationId"":""baa445ee-4226-4844-be4c-913136724bbd"",""errors"":[{""code"":""DS005"",""message"":""Empty Data found in request""}]}"
timeStamp,correlationId,errors,Error Message
2023-07-24T10:34:29.853325Z,2642add4-a999-40fa-80a5-0e4fc6524ad9,"[{'code': 'DS005', 'message': 'Empty Data found in request'}]","{""timeStamp"":""2023-07-24T10:34:29.853325Z"",""correlationId"":""2642add4-a999-40fa-80a5-0e4fc6524ad9"",""errors"":[{""code"":""DS005"",""message"":""Empty Data found in request""}]}"
timeStamp,correlationId,errors,Error Message
2023-07-24T10:34:31.212857Z,9dfb2d79-a242-42ff-93fb-76ea93184c72,"[{'code': 'DS005', 'message': 'Empty Data found in request'}]","{""timeStamp"":""2023-07-24T10:34:31.212857Z"",""correlationId"":""9dfb2d79-a242-42ff-93fb-76ea93184c72"",""errors"":[{""code"":""DS005"",""message"":""Empty Data found in request""}]}"
timeStamp,correlationId,errors,Error Message
2023-07-24T10:34:33.600001Z,256a75e5-19b8-4368-8714-f63dffa2c76f,"[{'code': 'DS005', 'message': 'Empty Data found in request'}]","{""timeStamp"":""2023-07-24T10:34:33.600001Z"",""correlationId"":""256a75e5-19b8-4368-8714-f63dffa2c76f"",""errors"":[{""code"":""DS005"",""message"":""Empty Data found in request""}]}"
timeStamp,correlationId,errors,Error Message
2023-07-24T10:34:36.681073Z,d79482ea-b38e-4105-b240-a93e3f8bbbf0,"[{'code': 'DS005', 'message': 'Empty Data found in request'}]","{""timeStamp"":""2023-07-24T10:34:36.681073Z"",""correlationId"":""d79482ea-b38e-4105-b240-a93e3f8bbbf0"",""errors"":[{""code"":""DS005"",""message"":""Empty Data found in request""}]}"
timeStamp,correlationId,errors,Error Message
2023-07-24T10:34:38.339854Z,5a8f4465-cb13-46c0-9283-492af6db0062,"[{'code': 'DS005', 'message': 'Empty Data found in request'}]","{""timeStamp"":""2023-07-24T10:34:38.339854Z"",""correlationId"":""5a8f4465-cb13-46c0-9283-492af6db0062"",""errors"":[{""code"":""DS005"",""message"":""Empty Data found in request""}]}"
timeStamp,correlationId,errors,Error Message
2023-07-24T10:34:39.716801Z,2a85ce9a-9186-4de2-89ec-0bcd61922d11,"[{'code': 'DS005', 'message': 'Empty Data found in request'}]","{""timeStamp"":""2023-07-24T10:34:39.716801Z"",""correlationId"":""2a85ce9a-9186-4de2-89ec-0bcd61922d11"",""errors"":[{""code"":""DS005"",""message"":""Empty Data found in request""}]}"
timeStamp,correlationId,errors,Error Message
2023-07-24T10:34:41.853338Z,8ee35019-805c-468c-96bd-64569a8d4ebb,"[{'code': 'DS005', 'message': 'Empty Data found in request'}]","{""timeStamp"":""2023-07-24T10:34:41.853338Z"",""correlationId"":""8ee35019-805c-468c-96bd-64569a8d4ebb"",""errors"":[{""code"":""DS005"",""message"":""Empty Data found in request""}]}"
timeStamp,correlationId,errors,Error Message
2023-07-24T10:34:44.583637Z,dbbd5af9-9bd6-44f5-a40a-e5cedd3cfbd6,"[{'code': 'DS005', 'message': 'Empty Data found in request'}]","{""timeStamp"":""2023-07-24T10:34:44.583637Z"",""correlationId"":""dbbd5af9-9bd6-44f5-a40a-e5cedd3cfbd6"",""errors"":[{""code"":""DS005"",""message"":""Empty Data found in request""}]}"
timeStamp,correlationId,errors,Error Message
2023-07-24T10:34:46.158961Z,ea730fe5-6736-4497-9978-9cd0bfeab3da,"[{'code': 'DS005', 'message': 'Empty Data found in request'}]","{""timeStamp"":""2023-07-24T10:34:46.158961Z"",""correlationId"":""ea730fe5-6736-4497-9978-9cd0bfeab3da"",""errors"":[{""code"":""DS005"",""message"":""Empty Data found in request""}]}"
timeStamp,correlationId,errors,Error Message
2023-07-24T10:34:47.942120Z,10cab926-0fb4-4358-9cf5-0645b237f917,"[{'code': 'DS005', 'message': 'Empty Data found in request'}]","{""timeStamp"":""2023-07-24T10:34:47.942120Z"",""correlationId"":""10cab926-0fb4-4358-9cf5-0645b237f917"",""errors"":[{""code"":""DS005"",""message"":""Empty Data found in request""}]}"
timeStamp,correlationId,errors,Error Message
2023-07-24T10:34:49.527707Z,a04660a7-d2e5-4c9f-ba95-8d71a153f503,"[{'code': 'DS005', 'message': 'Empty Data found in request'}]","{""timeStamp"":""2023-07-24T10:34:49.527707Z"",""correlationId"":""a04660a7-d2e5-4c9f-ba95-8d71a153f503"",""errors"":[{""code"":""DS005"",""message"":""Empty Data found in request""}]}"
timeStamp,correlationId,errors,Error Message
2023-07-24T10:34:50.985629Z,9473ed82-b736-40d5-8508-24b19171832b,"[{'code': 'DS005', 'message': 'Empty Data found in request'}]","{""timeStamp"":""2023-07-24T10:34:50.985629Z"",""correlationId"":""9473ed82-b736-40d5-8508-24b19171832b"",""errors"":[{""code"":""DS005"",""message"":""Empty Data found in request""}]}"
timeStamp,correlationId,errors,Error Message
2023-07-24T10:34:52.732931Z,2592bf9d-a0ef-4a94-bdfb-9542e590935c,"[{'code': 'DS005', 'message': 'Empty Data found in request'}]","{""timeStamp"":""2023-07-24T10:34:52.732931Z"",""correlationId"":""2592bf9d-a0ef-4a94-bdfb-9542e590935c"",""errors"":[{""code"":""DS005"",""message"":""Empty Data found in request""}]}"
timeStamp,correlationId,errors,Error Message
2023-07-24T10:34:54.415844Z,5c13dfe8-1902-4cf8-a693-86c6ec456d6f,"[{'code': 'DS005', 'message': 'Empty Data found in request'}]","{""timeStamp"":""2023-07-24T10:34:54.415844Z"",""correlationId"":""5c13dfe8-1902-4cf8-a693-86c6ec456d6f"",""errors"":[{""code"":""DS005"",""message"":""Empty Data found in request""}]}"
timeStamp,correlationId,errors,Error Message
2023-07-24T10:34:56.323690Z,ad6e689d-27ec-4609-a3cb-3d73dac56e40,"[{'code': 'DS005', 'message': 'Empty Data found in request'}]","{""timeStamp"":""2023-07-24T10:34:56.323690Z"",""correlationId"":""ad6e689d-27ec-4609-a3cb-3d73dac56e40"",""errors"":[{""code"":""DS005"",""message"":""Empty Data found in request""}]}"
timeStamp,correlationId,errors,Error Message
2023-07-24T10:34:57.751614Z,d0493ea8-cef8-4572-beda-404cf2060426,"[{'code': 'DS005', 'message': 'Empty Data found in request'}]","{""timeStamp"":""2023-07-24T10:34:57.751614Z"",""correlationId"":""d0493ea8-cef8-4572-beda-404cf2060426"",""errors"":[{""code"":""DS005"",""message"":""Empty Data found in request""}]}"
timeStamp,correlationId,errors,Error Message
2023-07-24T10:35:00.374270Z,9626eb6a-b058-4c6b-8a6b-a4fade76b06e,"[{'code': 'DS005', 'message': 'Empty Data found in request'}]","{""timeStamp"":""2023-07-24T10:35:00.374270Z"",""correlationId"":""9626eb6a-b058-4c6b-8a6b-a4fade76b06e"",""errors"":[{""code"":""DS005"",""message"":""Empty Data found in request""}]}"
timeStamp,correlationId,errors,Error Message
2023-07-24T10:35:01.757469Z,f84b9e62-d2bd-42ba-acc3-e6b69c0e68bf,"[{'code': 'DS005', 'message': 'Empty Data found in request'}]","{""timeStamp"":""2023-07-24T10:35:01.757469Z"",""correlationId"":""f84b9e62-d2bd-42ba-acc3-e6b69c0e68bf"",""errors"":[{""code"":""DS005"",""message"":""Empty Data found in request""}]}"
timeStamp,correlationId,errors,Error Message
2023-07-24T10:35:04.095211Z,8d5ebd7d-be03-443c-93cb-6e2e9483e3ca,"[{'code': 'DS005', 'message': 'Empty Data found in request'}]","{""timeStamp"":""2023-07-24T10:35:04.095211Z"",""correlationId"":""8d5ebd7d-be03-443c-93cb-6e2e9483e3ca"",""errors"":[{""code"":""DS005"",""message"":""Empty Data found in request""}]}"
timeStamp,correlationId,errors,Error Message
2023-07-24T10:35:06.683184Z,c7ade02c-ae12-466b-a613-4a74c0a03229,"[{'code': 'DS005', 'message': 'Empty Data found in request'}]","{""timeStamp"":""2023-07-24T10:35:06.683184Z"",""correlationId"":""c7ade02c-ae12-466b-a613-4a74c0a03229"",""errors"":[{""code"":""DS005"",""message"":""Empty Data found in request""}]}"
timeStamp,correlationId,errors,Error Message
2023-07-24T10:35:08.786120Z,c7cff0e3-5040-4177-82eb-2537026ed43f,"[{'code': 'DS005', 'message': 'Empty Data found in request'}]","{""timeStamp"":""2023-07-24T10:35:08.786120Z"",""correlationId"":""c7cff0e3-5040-4177-82eb-2537026ed43f"",""errors"":[{""code"":""DS005"",""message"":""Empty Data found in request""}]}"
timeStamp,correlationId,errors,Error Message
2023-07-24T10:35:10.380380Z,228340f1-dc11-4518-8dfa-45b62e122969,"[{'code': 'DS005', 'message': 'Empty Data found in request'}]","{""timeStamp"":""2023-07-24T10:35:10.380380Z"",""correlationId"":""228340f1-dc11-4518-8dfa-45b62e122969"",""errors"":[{""code"":""DS005"",""message"":""Empty Data found in request""}]}"
timeStamp,correlationId,errors,Error Message
2023-07-24T10:35:12.771175Z,dd1a88bd-6cf5-4a75-bbc1-9da959d1b768,"[{'code': 'DS005', 'message': 'Empty Data found in request'}]","{""timeStamp"":""2023-07-24T10:35:12.771175Z"",""correlationId"":""dd1a88bd-6cf5-4a75-bbc1-9da959d1b768"",""errors"":[{""code"":""DS005"",""message"":""Empty Data found in request""}]}"
timeStamp,correlationId,errors,Error Message
2023-07-24T10:35:15.049788Z,f8530229-32fc-4a3a-9e04-45212aaa61b1,"[{'code': 'DS005', 'message': 'Empty Data found in request'}]","{""timeStamp"":""2023-07-24T10:35:15.049788Z"",""correlationId"":""f8530229-32fc-4a3a-9e04-45212aaa61b1"",""errors"":[{""code"":""DS005"",""message"":""Empty Data found in request""}]}"
timeStamp,correlationId,errors,Error Message
2023-07-24T10:35:17.600231Z,bc32d7df-87df-4c79-88e1-5ea1b01d124e,"[{'code': 'DS005', 'message': 'Empty Data found in request'}]","{""timeStamp"":""2023-07-24T10:35:17.600231Z"",""correlationId"":""bc32d7df-87df-4c79-88e1-5ea1b01d124e"",""errors"":[{""code"":""DS005"",""message"":""Empty Data found in request""}]}"
timeStamp,correlationId,errors,Error Message
2023-07-24T10:35:20.049982Z,20bac589-3ee3-47e4-8919-407bdafe4e2d,"[{'code': 'DS005', 'message': 'Empty Data found in request'}]","{""timeStamp"":""2023-07-24T10:35:20.049982Z"",""correlationId"":""20bac589-3ee3-47e4-8919-407bdafe4e2d"",""errors"":[{""code"":""DS005"",""message"":""Empty Data found in request""}]}"
timeStamp,correlationId,errors,Error Message
2023-07-24T10:35:22.513352Z,34536731-a4ab-498b-8719-f3d9b6bb3fad,"[{'code': 'DS005', 'message': 'Empty Data found in request'}]","{""timeStamp"":""2023-07-24T10:35:22.513352Z"",""correlationId"":""34536731-a4ab-498b-8719-f3d9b6bb3fad"",""errors"":[{""code"":""DS005"",""message"":""Empty Data found in request""}]}"
timeStamp,correlationId,errors,Error Message
2023-07-24T10:35:25.826752Z,54352d56-8130-4a3d-99fe-80f804f091c6,"[{'code': 'DS005', 'message': 'Empty Data found in request'}]","{""timeStamp"":""2023-07-24T10:35:25.826752Z"",""correlationId"":""54352d56-8130-4a3d-99fe-80f804f091c6"",""errors"":[{""code"":""DS005"",""message"":""Empty Data found in request""}]}"
timeStamp,correlationId,errors,Error Message
2023-07-24T10:35:27.885135Z,10f17a15-bcba-4d2e-b08a-fdfcecbd36a5,"[{'code': 'DS005', 'message': 'Empty Data found in request'}]","{""timeStamp"":""2023-07-24T10:35:27.885135Z"",""correlationId"":""10f17a15-bcba-4d2e-b08a-fdfcecbd36a5"",""errors"":[{""code"":""DS005"",""message"":""Empty Data found in request""}]}"
timeStamp,correlationId,errors,Error Message
2023-07-24T10:35:29.483165Z,6a42d166-59cc-409b-aba8-67dfd73f6fac,"[{'code': 'DS005', 'message': 'Empty Data found in request'}]","{""timeStamp"":""2023-07-24T10:35:29.483165Z"",""correlationId"":""6a42d166-59cc-409b-aba8-67dfd73f6fac"",""errors"":[{""code"":""DS005"",""message"":""Empty Data found in request""}]}"
timeStamp,correlationId,errors,Error Message
2023-07-24T10:35:31.148691Z,1772e259-4363-4d09-bc04-f2bc7e8fe863,"[{'code': 'DS005', 'message': 'Empty Data found in request'}]","{""timeStamp"":""2023-07-24T10:35:31.148691Z"",""correlationId"":""1772e259-4363-4d09-bc04-f2bc7e8fe863"",""errors"":[{""code"":""DS005"",""message"":""Empty Data found in request""}]}"
timeStamp,correlationId,errors,Error Message
2023-07-24T10:35:33.379387Z,678cca2f-7ca0-48f3-ad0b-9a2f2b020567,"[{'code': 'DS005', 'message': 'Empty Data found in request'}]","{""timeStamp"":""2023-07-24T10:35:33.379387Z"",""correlationId"":""678cca2f-7ca0-48f3-ad0b-9a2f2b020567"",""errors"":[{""code"":""DS005"",""message"":""Empty Data found in request""}]}"
timeStamp,correlationId,errors,Error Message
2023-07-24T10:35:35.672114Z,5ee49990-5eeb-43ca-b2c2-aa781a8a7599,"[{'code': 'DS005', 'message': 'Empty Data found in request'}]","{""timeStamp"":""2023-07-24T10:35:35.672114Z"",""correlationId"":""5ee49990-5eeb-43ca-b2c2-aa781a8a7599"",""errors"":[{""code"":""DS005"",""message"":""Empty Data found in request""}]}"
timeStamp,correlationId,errors,Error Message
2023-07-24T10:35:36.939473Z,fcaa7441-ba6d-46f2-8113-2f029f85da34,"[{'code': 'DS005', 'message': 'Empty Data found in request'}]","{""timeStamp"":""2023-07-24T10:35:36.939473Z"",""correlationId"":""fcaa7441-ba6d-46f2-8113-2f029f85da34"",""errors"":[{""code"":""DS005"",""message"":""Empty Data found in request""}]}"
timeStamp,correlationId,errors,Error Message
2023-07-24T10:35:38.731728Z,55546cc6-8717-45cf-9fbd-0a7f696ebae1,"[{'code': 'DS005', 'message': 'Empty Data found in request'}]","{""timeStamp"":""2023-07-24T10:35:38.731728Z"",""correlationId"":""55546cc6-8717-45cf-9fbd-0a7f696ebae1"",""errors"":[{""code"":""DS005"",""message"":""Empty Data found in request""}]}"
timeStamp,correlationId,errors,Error Message
2023-07-24T10:35:40.071677Z,06a27945-a9a0-47da-9430-2d14003b17a8,"[{'code': 'DS005', 'message': 'Empty Data found in request'}]","{""timeStamp"":""2023-07-24T10:35:40.071677Z"",""correlationId"":""06a27945-a9a0-47da-9430-2d14003b17a8"",""errors"":[{""code"":""DS005"",""message"":""Empty Data found in request""}]}"
timeStamp,correlationId,errors,Error Message
2023-07-24T10:35:41.859830Z,a52ce792-2bed-4008-a3f9-303d95d2cf4e,"[{'code': 'DS005', 'message': 'Empty Data found in request'}]","{""timeStamp"":""2023-07-24T10:35:41.859830Z"",""correlationId"":""a52ce792-2bed-4008-a3f9-303d95d2cf4e"",""errors"":[{""code"":""DS005"",""message"":""Empty Data found in request""}]}"
timeStamp,correlationId,errors,Error Message
2023-07-24T10:35:43.720449Z,e1426751-a388-440b-86b0-27a14a126dee,"[{'code': 'DS005', 'message': 'Empty Data found in request'}]","{""timeStamp"":""2023-07-24T10:35:43.720449Z"",""correlationId"":""e1426751-a388-440b-86b0-27a14a126dee"",""errors"":[{""code"":""DS005"",""message"":""Empty Data found in request""}]}"
timeStamp,correlationId,errors,Error Message
2023-07-24T10:35:45.830059Z,76cae45f-aeb9-49ee-b668-e8d19ab28bc7,"[{'code': 'DS005', 'message': 'Empty Data found in request'}]","{""timeStamp"":""2023-07-24T10:35:45.830059Z"",""correlationId"":""76cae45f-aeb9-49ee-b668-e8d19ab28bc7"",""errors"":[{""code"":""DS005"",""message"":""Empty Data found in request""}]}"
timeStamp,correlationId,errors,Error Message
2023-07-24T10:35:48.704188Z,e1476926-cca1-49e6-a6d1-0167be8e5009,"[{'code': 'DS005', 'message': 'Empty Data found in request'}]","{""timeStamp"":""2023-07-24T10:35:48.704188Z"",""correlationId"":""e1476926-cca1-49e6-a6d1-0167be8e5009"",""errors"":[{""code"":""DS005"",""message"":""Empty Data found in request""}]}"
timeStamp,correlationId,errors,Error Message
2023-07-24T10:35:50.465469Z,152635dc-3a74-4b2d-996b-6aad8299ff53,"[{'code': 'DS005', 'message': 'Empty Data found in request'}]","{""timeStamp"":""2023-07-24T10:35:50.465469Z"",""correlationId"":""152635dc-3a74-4b2d-996b-6aad8299ff53"",""errors"":[{""code"":""DS005"",""message"":""Empty Data found in request""}]}"
timeStamp,correlationId,errors,Error Message
2023-07-24T10:35:52.702462Z,ee2a38c2-520a-4e5d-9005-ac844aaac0b6,"[{'code': 'DS005', 'message': 'Empty Data found in request'}]","{""timeStamp"":""2023-07-24T10:35:52.702462Z"",""correlationId"":""ee2a38c2-520a-4e5d-9005-ac844aaac0b6"",""errors"":[{""code"":""DS005"",""message"":""Empty Data found in request""}]}"
timeStamp,correlationId,errors,Error Message
2023-07-24T10:35:54.409513Z,d39f04fa-2884-4025-934f-14496f9578a5,"[{'code': 'DS005', 'message': 'Empty Data found in request'}]","{""timeStamp"":""2023-07-24T10:35:54.409513Z"",""correlationId"":""d39f04fa-2884-4025-934f-14496f9578a5"",""errors"":[{""code"":""DS005"",""message"":""Empty Data found in request""}]}"
timeStamp,correlationId,errors,Error Message
2023-07-24T10:35:56.147489Z,d3248d3c-f742-4e00-a61a-7462805a72a6,"[{'code': 'DS005', 'message': 'Empty Data found in request'}]","{""timeStamp"":""2023-07-24T10:35:56.147489Z"",""correlationId"":""d3248d3c-f742-4e00-a61a-7462805a72a6"",""errors"":[{""code"":""DS005"",""message"":""Empty Data found in request""}]}"
timeStamp,correlationId,errors,Error Message
2023-07-24T10:35:58.601134Z,a99457e1-5dfa-4281-8fd4-eec0e3700949,"[{'code': 'DS005', 'message': 'Empty Data found in request'}]","{""timeStamp"":""2023-07-24T10:35:58.601134Z"",""correlationId"":""a99457e1-5dfa-4281-8fd4-eec0e3700949"",""errors"":[{""code"":""DS005"",""message"":""Empty Data found in request""}]}"
timeStamp,correlationId,errors,Error Message
2023-07-24T10:36:01.681426Z,6eff546a-e092-4779-b0e8-eb37949f0d9c,"[{'code': 'DS005', 'message': 'Empty Data found in request'}]","{""timeStamp"":""2023-07-24T10:36:01.681426Z"",""correlationId"":""6eff546a-e092-4779-b0e8-eb37949f0d9c"",""errors"":[{""code"":""DS005"",""message"":""Empty Data found in request""}]}"
timeStamp,correlationId,errors,Error Message
2023-07-24T10:36:03.580748Z,0f37acea-bebc-45a1-a91d-afd7e4e16a87,"[{'code': 'DS005', 'message': 'Empty Data found in request'}]","{""timeStamp"":""2023-07-24T10:36:03.580748Z"",""correlationId"":""0f37acea-bebc-45a1-a91d-afd7e4e16a87"",""errors"":[{""code"":""DS005"",""message"":""Empty Data found in request""}]}"
timeStamp,correlationId,errors,Error Message
2023-07-24T10:36:05.531927Z,d3c2774e-9106-4734-bbe0-95a769fa92ab,"[{'code': 'DS005', 'message': 'Empty Data found in request'}]","{""timeStamp"":""2023-07-24T10:36:05.531927Z"",""correlationId"":""d3c2774e-9106-4734-bbe0-95a769fa92ab"",""errors"":[{""code"":""DS005"",""message"":""Empty Data found in request""}]}"
timeStamp,correlationId,errors,Error Message
2023-07-24T10:36:10.688697Z,ffbfbe98-07c2-496f-bf24-21dc11b564a0,"[{'code': 'DS005', 'message': 'Empty Data found in request'}]","{""timeStamp"":""2023-07-24T10:36:10.688697Z"",""correlationId"":""ffbfbe98-07c2-496f-bf24-21dc11b564a0"",""errors"":[{""code"":""DS005"",""message"":""Empty Data found in request""}]}"
timeStamp,correlationId,errors,Error Message
2023-07-24T10:36:12.124943Z,f4b10c0f-f2a8-4f6a-be8c-35f1f03ab2d0,"[{'code': 'DS005', 'message': 'Empty Data found in request'}]","{""timeStamp"":""2023-07-24T10:36:12.124943Z"",""correlationId"":""f4b10c0f-f2a8-4f6a-be8c-35f1f03ab2d0"",""errors"":[{""code"":""DS005"",""message"":""Empty Data found in request""}]}"
timeStamp,correlationId,errors,Error Message
2023-07-24T10:36:13.551767Z,fe768b2d-9756-4a81-b8ab-11e28f5a2eda,"[{'code': 'DS005', 'message': 'Empty Data found in request'}]","{""timeStamp"":""2023-07-24T10:36:13.551767Z"",""correlationId"":""fe768b2d-9756-4a81-b8ab-11e28f5a2eda"",""errors"":[{""code"":""DS005"",""message"":""Empty Data found in request""}]}"
timeStamp,correlationId,errors,Error Message
2023-07-24T10:36:15.605008Z,32570966-ba33-4092-9e55-b7cc715da62f,"[{'code': 'DS005', 'message': 'Empty Data found in request'}]","{""timeStamp"":""2023-07-24T10:36:15.605008Z"",""correlationId"":""32570966-ba33-4092-9e55-b7cc715da62f"",""errors"":[{""code"":""DS005"",""message"":""Empty Data found in request""}]}"
timeStamp,correlationId,errors,Error Message
2023-07-24T10:36:17.595826Z,3a7bb75a-00e6-4b6f-aa9c-064fa3d3ab57,"[{'code': 'DS005', 'message': 'Empty Data found in request'}]","{""timeStamp"":""2023-07-24T10:36:17.595826Z"",""correlationId"":""3a7bb75a-00e6-4b6f-aa9c-064fa3d3ab57"",""errors"":[{""code"":""DS005"",""message"":""Empty Data found in request""}]}"
timeStamp,correlationId,errors,Error Message
2023-07-24T10:36:20.164593Z,adda8c47-ae14-46b1-a581-608448eb3421,"[{'code': 'DS005', 'message': 'Empty Data found in request'}]","{""timeStamp"":""2023-07-24T10:36:20.164593Z"",""correlationId"":""adda8c47-ae14-46b1-a581-608448eb3421"",""errors"":[{""code"":""DS005"",""message"":""Empty Data found in request""}]}"
timeStamp,correlationId,errors,Error Message
2023-07-24T10:36:22.795666Z,05230ff6-df60-4032-b009-38dde4aebe1e,"[{'code': 'DS005', 'message': 'Empty Data found in request'}]","{""timeStamp"":""2023-07-24T10:36:22.795666Z"",""correlationId"":""05230ff6-df60-4032-b009-38dde4aebe1e"",""errors"":[{""code"":""DS005"",""message"":""Empty Data found in request""}]}"
timeStamp,correlationId,errors,Error Message
2023-07-24T10:36:24.804860Z,bc1729ae-f485-4bdb-984b-fc27998cfba5,"[{'code': 'DS005', 'message': 'Empty Data found in request'}]","{""timeStamp"":""2023-07-24T10:36:24.804860Z"",""correlationId"":""bc1729ae-f485-4bdb-984b-fc27998cfba5"",""errors"":[{""code"":""DS005"",""message"":""Empty Data found in request""}]}"
timeStamp,correlationId,errors,Error Message
2023-07-24T10:36:26.676467Z,87d3ca74-5d35-4043-9a64-db9ba4a37257,"[{'code': 'DS005', 'message': 'Empty Data found in request'}]","{""timeStamp"":""2023-07-24T10:36:26.676467Z"",""correlationId"":""87d3ca74-5d35-4043-9a64-db9ba4a37257"",""errors"":[{""code"":""DS005"",""message"":""Empty Data found in request""}]}"
timeStamp,correlationId,errors,Error Message
2023-07-24T10:36:28.020900Z,764ff915-3317-4caf-ba44-5ca62b4d4d73,"[{'code': 'DS005', 'message': 'Empty Data found in request'}]","{""timeStamp"":""2023-07-24T10:36:28.020900Z"",""correlationId"":""764ff915-3317-4caf-ba44-5ca62b4d4d73"",""errors"":[{""code"":""DS005"",""message"":""Empty Data found in request""}]}"
